<?xml version="1.0" encoding="UTF-8"?>
<project-private xmlns="http://www.netbeans.org/ns/project-private/1">
    <editor-bookmarks xmlns="http://www.netbeans.org/ns/editor-bookmarks/2" lastBookmarkId="0"/>
    <open-files xmlns="http://www.netbeans.org/ns/projectui-open-files/2">
        <group>
            <file>file:/D:/JAVA/First_MVC/src/java/Model/RegisterForm.java</file>
            <file>file:/D:/JAVA/First_MVC/web/view.jsp</file>
            <file>file:/D:/JAVA/First_MVC/src/java/Controller/insertController.java</file>
            <file>file:/D:/JAVA/First_MVC/web/index.jsp</file>
            <file>file:/D:/JAVA/First_MVC/src/java/Dao/registerDao.java</file>
        </group>
    </open-files>
</project-private>
